,cost_tot,emis_tot,ener_tot,idis_tot,pdih_tot,pele_tot,pgas_tot,tdis_tot,time_rat
constant+peak_heat_day,0.022709524264207838,0.7855837992699295,3.7227527336696316,1219.714306336684,,0.010215069445902595,0.12133667469212378,5.687475032328004,2.869272023124039e-05
