ener_tot,tdis_tot,cost_tot,time_rat,emis_tot
147.13398341352897,6.0427772787153575,29.426796682705792,8.318594725137626e-6,73.56699170676448
